[
  {
    "uri": "C:/Users/SougataBandyopadhyay/RubymineProjects/DemoProject/features/FormFillup.feature",
    "id": "application-form-fillup",
    "keyword": "Feature",
    "name": "Application form fillup",
    "description": "",
    "line": 1,
    "elements": [
      {
        "id": "application-form-fillup;filling-details-in-the-application-from",
        "keyword": "Scenario",
        "name": "Filling details in the application from",
        "description": "",
        "line": 3,
        "type": "scenario",
        "before": [
          {
            "output": [
              "Getting driver instance"
            ],
            "match": {
              "location": "features/support/env.rb:22"
            },
            "result": {
              "status": "passed",
              "duration": 50600
            }
          }
        ],
        "steps": [
          {
            "keyword": "Given ",
            "name": "I login to application",
            "line": 5,
            "match": {
              "location": "features/step_definitions/snippets.rb:4"
            },
            "result": {
              "status": "passed",
              "duration": 3295011200
            }
          },
          {
            "keyword": "And ",
            "name": "I enter name details",
            "line": 6,
            "match": {
              "location": "features/step_definitions/snippets.rb:13"
            },
            "result": {
              "status": "passed",
              "duration": 2216485500
            }
          },
          {
            "keyword": "And ",
            "name": "I enter email details",
            "line": 7,
            "match": {
              "location": "features/step_definitions/snippets.rb:20"
            },
            "result": {
              "status": "passed",
              "duration": 2133675200
            }
          },
          {
            "keyword": "And ",
            "name": "I enter gender data",
            "line": 8,
            "match": {
              "location": "features/step_definitions/snippets.rb:26"
            },
            "result": {
              "status": "failed",
              "error_message": "element click intercepted: Element <input name=\"gender\" required=\"\" type=\"radio\" id=\"gender-radio-2\" class=\"custom-control-input\" value=\"Female\"> is not clickable at point (606, 370). Other element would receive the click: <label title=\"\" for=\"gender-radio-2\" class=\"custom-control-label\">...</label>\n  (Session info: chrome=86.0.4240.198) (Selenium::WebDriver::Error::ElementClickInterceptedError)\nBacktrace:\n\tOrdinal0 [0x00CFC013+3194899]\n\tOrdinal0 [0x00BE6021+2056225]\n\tOrdinal0 [0x00A7F608+587272]\n\tOrdinal0 [0x00A0ED18+126232]\n\tOrdinal0 [0x00A0DEB0+122544]\n\tOrdinal0 [0x00A0CA7A+117370]\n\tOrdinal0 [0x00A0C13E+115006]\n\tOrdinal0 [0x00A05919+88345]\n\tOrdinal0 [0x00A1FD73+195955]\n\tOrdinal0 [0x00A05766+87910]\n\tOrdinal0 [0x00A1FE5A+196186]\n\tOrdinal0 [0x00A29B22+236322]\n\tOrdinal0 [0x00A1FC1B+195611]\n\tOrdinal0 [0x00A03B7F+80767]\n\tOrdinal0 [0x00A04B4E+84814]\n\tOrdinal0 [0x00A04AD9+84697]\n\tOrdinal0 [0x00BFCE64+2149988]\n\tGetHandleVerifier [0x00E6BE95+1400773]\n\tGetHandleVerifier [0x00E6BB61+1399953]\n\tGetHandleVerifier [0x00E731FA+1430314]\n\tGetHandleVerifier [0x00E6C69F+1402831]\n\tOrdinal0 [0x00BF3D61+2112865]\n\tOrdinal0 [0x00BFE5CB+2155979]\n\tOrdinal0 [0x00BFE6F5+2156277]\n\tOrdinal0 [0x00C0F26E+2224750]\n\tBaseThreadInitThunk [0x76946359+25]\n\tRtlGetAppContainerNamedObjectPath [0x77AC7C24+228]\n\tRtlGetAppContainerNamedObjectPath [0x77AC7BF4+180]\n./features/step_definitions/snippets.rb:28:in `/I enter gender data/'\n./features/FormFillup.feature:8:in `And I enter gender data'",
              "duration": 2127999500
            }
          },
          {
            "keyword": "And ",
            "name": "I enter mobile number",
            "line": 9,
            "match": {
              "location": "features/step_definitions/snippets.rb:32"
            },
            "result": {
              "status": "skipped"
            }
          },
          {
            "keyword": "And ",
            "name": "I enter date of birth",
            "line": 10,
            "match": {
              "location": "features/step_definitions/snippets.rb:38"
            },
            "result": {
              "status": "skipped"
            }
          },
          {
            "keyword": "And ",
            "name": "I enter subject",
            "line": 11,
            "match": {
              "location": "features/step_definitions/snippets.rb:44"
            },
            "result": {
              "status": "skipped"
            }
          }
        ],
        "after": [
          {
            "output": [
              "Test failed",
              "Exception: element click intercepted: Element <input name=\"gender\" required=\"\" type=\"radio\" id=\"gender-radio-2\" class=\"custom-control-input\" value=\"Female\"> is not clickable at point (606, 370). Other element would receive the click: <label title=\"\" for=\"gender-radio-2\" class=\"custom-control-label\">...</label>\n  (Session info: chrome=86.0.4240.198)",
              "Quitting driver"
            ],
            "match": {
              "location": "features/support/env.rb:27"
            },
            "result": {
              "status": "passed",
              "duration": 233998000
            }
          }
        ]
      }
    ]
  }
]