[
  {
    "uri": "C:/Users/SougataBandyopadhyay/RubymineProjects/DemoProject/features/LoginSucess.feature",
    "id": "application-form-fillup",
    "keyword": "Feature",
    "name": "Application form fillup",
    "description": "",
    "line": 1,
    "elements": [
      {
        "id": "application-form-fillup;filling-details-in-the-application-from",
        "keyword": "Scenario",
        "name": "Filling details in the application from",
        "description": "",
        "line": 3,
        "type": "scenario",
        "before": [
          {
            "output": [
              "Getting driver instance"
            ],
            "match": {
              "location": "features/support/env.rb:22"
            },
            "result": {
              "status": "passed",
              "duration": 64600
            }
          }
        ],
        "steps": [
          {
            "keyword": "Given ",
            "name": "I login to application",
            "line": 5,
            "match": {
              "location": "features/step_definitions/LoginTest.rb:1"
            },
            "result": {
              "status": "passed",
              "duration": 3260311300
            }
          },
          {
            "keyword": "And ",
            "name": "I enter name details",
            "line": 6,
            "match": {
              "location": "features/step_definitions/LoginTest.rb:10"
            },
            "result": {
              "status": "failed",
              "error_message": "uninitialized constant Lib\nDid you mean?  Zlib (NameError)\n./features/step_definitions/LoginTest.rb:12:in `/I enter name details/'\n./features/LoginSucess.feature:6:in `And I enter name details'",
              "duration": 3000235800
            }
          }
        ],
        "after": [
          {
            "output": [
              "Test failed",
              "Exception: uninitialized constant Lib\nDid you mean?  Zlib",
              "Quitting driver"
            ],
            "match": {
              "location": "features/support/env.rb:27"
            },
            "result": {
              "status": "passed",
              "duration": 168451800
            }
          }
        ]
      }
    ]
  }
]