[
  {
    "uri": "C:/Users/SougataBandyopadhyay/RubymineProjects/DemoProject/features/FormFillup.feature",
    "id": "application-form-fillup",
    "keyword": "Feature",
    "name": "Application form fillup",
    "description": "",
    "line": 1,
    "elements": [
      {
        "id": "application-form-fillup;filling-details-in-the-application-from",
        "keyword": "Scenario",
        "name": "Filling details in the application from",
        "description": "",
        "line": 3,
        "type": "scenario",
        "before": [
          {
            "output": [
              "Getting driver instance"
            ],
            "match": {
              "location": "features/support/env.rb:22"
            },
            "result": {
              "status": "passed",
              "duration": 62900
            }
          }
        ],
        "steps": [
          {
            "keyword": "Given ",
            "name": "I login to application",
            "line": 5,
            "match": {
              "location": "features/step_definitions/snippets.rb:4"
            },
            "result": {
              "status": "passed",
              "duration": 3257769400
            }
          },
          {
            "keyword": "And ",
            "name": "I enter name details",
            "line": 6,
            "match": {
              "location": "features/step_definitions/snippets.rb:13"
            },
            "result": {
              "status": "passed",
              "duration": 2216667500
            }
          },
          {
            "keyword": "And ",
            "name": "I enter email details",
            "line": 7,
            "match": {
              "location": "features/step_definitions/snippets.rb:20"
            },
            "result": {
              "status": "passed",
              "duration": 2167137700
            }
          },
          {
            "keyword": "And ",
            "name": "I enter mobile number",
            "line": 8,
            "match": {
              "location": "features/step_definitions/snippets.rb:32"
            },
            "result": {
              "status": "passed",
              "duration": 2095860000
            }
          },
          {
            "keyword": "And ",
            "name": "I enter subject",
            "line": 9,
            "match": {
              "location": "features/step_definitions/snippets.rb:45"
            },
            "result": {
              "status": "passed",
              "duration": 2169752500
            }
          }
        ],
        "after": [
          {
            "output": [
              "Test passed",
              "Quitting driver"
            ],
            "match": {
              "location": "features/support/env.rb:27"
            },
            "result": {
              "status": "passed",
              "duration": 186282700
            }
          }
        ]
      }
    ]
  }
]