[
  {
    "uri": "C:/Users/SougataBandyopadhyay/RubymineProjects/DemoProject/features/FormFillup.feature",
    "id": "application-form-fillup",
    "keyword": "Feature",
    "name": "Application form fillup",
    "description": "",
    "line": 1,
    "elements": [
      {
        "id": "application-form-fillup;filling-details-in-the-application-from",
        "keyword": "Scenario",
        "name": "Filling details in the application from",
        "description": "",
        "line": 3,
        "type": "scenario",
        "before": [
          {
            "output": [
              "Getting driver instance"
            ],
            "match": {
              "location": "features/support/env.rb:22"
            },
            "result": {
              "status": "passed",
              "duration": 56900
            }
          }
        ],
        "steps": [
          {
            "keyword": "Given ",
            "name": "I login to application",
            "line": 5,
            "match": {
              "location": "features/step_definitions/snippets.rb:4"
            },
            "result": {
              "status": "passed",
              "duration": 3351009500
            }
          },
          {
            "keyword": "And ",
            "name": "I enter name details",
            "line": 6,
            "match": {
              "location": "features/step_definitions/snippets.rb:13"
            },
            "result": {
              "status": "passed",
              "duration": 5122447500
            }
          }
        ],
        "after": [
          {
            "output": [
              "Test passed",
              "Quitting driver"
            ],
            "match": {
              "location": "features/support/env.rb:27"
            },
            "result": {
              "status": "passed",
              "duration": 202587000
            }
          }
        ]
      }
    ]
  }
]