[
  {
    "uri": "C:/Users/SougataBandyopadhyay/RubymineProjects/DemoProject/features/FormFillup.feature",
    "id": "application-form-fillup",
    "keyword": "Feature",
    "name": "Application form fillup",
    "description": "",
    "line": 1,
    "elements": [
      {
        "id": "application-form-fillup;filling-details-in-the-application-from",
        "keyword": "Scenario",
        "name": "Filling details in the application from",
        "description": "",
        "line": 3,
        "type": "scenario",
        "before": [
          {
            "output": [
              "Getting driver instance"
            ],
            "match": {
              "location": "features/support/env.rb:22"
            },
            "result": {
              "status": "passed",
              "duration": 50900
            }
          }
        ],
        "steps": [
          {
            "keyword": "Given ",
            "name": "I login to application",
            "line": 5,
            "match": {
              "location": "features/step_definitions/snippets.rb:4"
            },
            "result": {
              "status": "passed",
              "duration": 3405429400
            }
          },
          {
            "keyword": "And ",
            "name": "I enter name details",
            "line": 6,
            "match": {
              "location": "features/step_definitions/snippets.rb:13"
            },
            "result": {
              "status": "passed",
              "duration": 2215770700
            }
          },
          {
            "keyword": "And ",
            "name": "I enter email details",
            "line": 7,
            "match": {
              "location": "features/step_definitions/snippets.rb:20"
            },
            "result": {
              "status": "passed",
              "duration": 2137712500
            }
          },
          {
            "keyword": "And ",
            "name": "I enter mobile number",
            "line": 8,
            "match": {
              "location": "features/step_definitions/snippets.rb:32"
            },
            "result": {
              "status": "passed",
              "duration": 2107486000
            }
          },
          {
            "keyword": "And ",
            "name": "I enter \"Maths\" in \"subjectsInput\" by \"id\"",
            "line": 9,
            "match": {
              "location": "features/step_definitions/snippets.rb:61"
            },
            "result": {
              "status": "failed",
              "error_message": "cannot find element by :by (ArgumentError)\n./features/step_definitions/snippets.rb:63:in `/I enter \"([^\"]*)\" in \"([^\"]*)\" by \"([^\"]*)\"/'\n./features/FormFillup.feature:9:in `And I enter \"Maths\" in \"subjectsInput\" by \"id\"'",
              "duration": 1014325500
            }
          }
        ],
        "after": [
          {
            "output": [
              "Test failed",
              "Exception: cannot find element by :by",
              "Quitting driver"
            ],
            "match": {
              "location": "features/support/env.rb:27"
            },
            "result": {
              "status": "passed",
              "duration": 200047500
            }
          }
        ]
      }
    ]
  }
]